Id,Name,Surname,Initials,Age,DateOfBirth
0+1,David,Smith,DS,89,21/12/1934
1+1,Mia,White,MW,67,21/12/1956
2+1,Olivia,White,OW,41,21/12/1982
3+1,Mia,Garcia,MG,40,21/12/1983
4+1,Charlotte,Robinson,CR,62,21/12/1961
5+1,Andrew,Thompson,AT,78,21/12/1945
6+1,John,Jackson,JJ,82,21/12/1941
7+1,Mia,Williams,MW,49,21/12/1974
8+1,Sophia,Jones,SJ,80,21/12/1943
9+1,Abigail,Brown,AB,58,21/12/1965
10+1,Matthew,Jackson,MJ,34,21/12/1989
11+1,James,Thompson,JT,75,21/12/1948
12+1,John,Johnson,JJ,67,21/12/1956
13+1,Emma,Wilson,EW,89,21/12/1934
14+1,Ava,Harris,AH,68,21/12/1955
